Txhash,Blockno,UnixTimestamp,DateTime (UTC),From,To,ContractAddress,Value_IN(ETH),Value_OUT(ETH),CurrentValue @ $1646.41367658398/Eth,TxnFee(ETH),TxnFee(USD),Historical $Price/Eth,Status,ErrCode,Method
0xca3cb1ac24bcc961060d1f22aee85362d655c7699c344e2f3033ee3fc04ff61c,3482434,1491411831,2017-04-05 17:03:51,0x57f24c0e2aaca9d54a4ab0a83d2ff8dc6473c6ca,,0xe825363f3bedabc95b2a9d42dbc73ec7b82b57d3,0,0,0,0.037844202,62.3072117522068,44.90,,,60606040
0x872bbeec2bce8020faa4c8302be90dbb23e1b2d9bcdfecc301f2f2185b303454,3483721,1491430384,2017-04-05 22:13:04,0x13adf7762bbc0a2f23bedcdac4b5a1f65307c502,0xe825363f3bedabc95b2a9d42dbc73ec7b82b57d3,,0,0,0,0.00246372,4.05630230327348,44.90,,,Confirm
0xa1ef4d71cf1cf10b7a8c994bc5fecdccb2cad31360ab3a579b7a713478e0b75c,3483755,1491430694,2017-04-05 22:18:14,0x57f24c0e2aaca9d54a4ab0a83d2ff8dc6473c6ca,0xe825363f3bedabc95b2a9d42dbc73ec7b82b57d3,,0,0,0,0.00113576,1.86993079731702,44.90,,,Execute
0x6ea351df35e492eb0338066f971e0380a8f2547f0fb6d2724ca3cfc115349a3f,3483763,1491430846,2017-04-05 22:20:46,0x57f24c0e2aaca9d54a4ab0a83d2ff8dc6473c6ca,0xe825363f3bedabc95b2a9d42dbc73ec7b82b57d3,,0,0,0,0.00242684,3.99558256688107,44.90,,,Set Daily Limit
0x0abd90ee842e49b3611a7970b1d5de6cc122a1a8fe3731d1bfc0935d4cfe70a5,3483771,1491430909,2017-04-05 22:21:49,0x13adf7762bbc0a2f23bedcdac4b5a1f65307c502,0xe825363f3bedabc95b2a9d42dbc73ec7b82b57d3,,0,0,0,0.00250724,4.12795422647842,44.90,,,Confirm
0xe2c4754e5a4041256a4ec706ba822308859e1d1e7134d5e52fd8446478282789,3483784,1491431114,2017-04-05 22:25:14,0x13adf7762bbc0a2f23bedcdac4b5a1f65307c502,0xe825363f3bedabc95b2a9d42dbc73ec7b82b57d3,,0,0,0,0.00048292,0.795086092695936,44.90,,,Confirm
0xff5eb2cb99745f5dde45e7bfa9f567d4ec1ece255c0b846051ff09565577afbb,3483803,1491431428,2017-04-05 22:30:28,0x57f24c0e2aaca9d54a4ab0a83d2ff8dc6473c6ca,0xe825363f3bedabc95b2a9d42dbc73ec7b82b57d3,,0,0,0,0.00242684,3.99558256688107,44.90,,,Set Daily Limit
0xef78a3a0feb40f5b5fafc936bc741c9ebefe792b93bb224b0f0db0d5e727b5cb,3483819,1491431596,2017-04-05 22:33:16,0x13adf7762bbc0a2f23bedcdac4b5a1f65307c502,0xe825363f3bedabc95b2a9d42dbc73ec7b82b57d3,,0,0,0,0.00050448,0.830582771563086,44.90,,,Set Daily Limit
0x3f441e7e169a04b118489957b9049107f4fb7e795d37a59691df87c7768947c3,3483826,1491431694,2017-04-05 22:34:54,0x57f24c0e2aaca9d54a4ab0a83d2ff8dc6473c6ca,0xe825363f3bedabc95b2a9d42dbc73ec7b82b57d3,,0,0,0,0.00350398,5.76900059447673,44.90,,,Execute
0xe83e0cfff079b4113459caea69e4e6f8ce96bc2fd07e901e0ee35ce2244a61a0,3483835,1491431801,2017-04-05 22:36:41,0x13adf7762bbc0a2f23bedcdac4b5a1f65307c502,0xe825363f3bedabc95b2a9d42dbc73ec7b82b57d3,,0,0,0,0.0007571,1.24649979454173,44.90,,,Confirm
0xe567140cf60eeafb9b745782d734b2e29fa9db8176881af6e4019673362c57b8,3483845,1491431991,2017-04-05 22:39:51,0x57f24c0e2aaca9d54a4ab0a83d2ff8dc6473c6ca,0xe825363f3bedabc95b2a9d42dbc73ec7b82b57d3,,0,0,0,0.00243324,4.0061196144112,44.90,,,Set Daily Limit
0x70ac92d479cd5f160050c7855af875075e973ea11f10ba816894e42a0b20f2d7,3483846,1491431996,2017-04-05 22:39:56,0x13adf7762bbc0a2f23bedcdac4b5a1f65307c502,0xe825363f3bedabc95b2a9d42dbc73ec7b82b57d3,,0,0,0,0.00050768,0.835851295328155,44.90,,,Set Daily Limit
0x5ab8027ae5e24d696d7150cbceeebc58611d39db7c74b52a280d8ef78ced630d,3485451,1491455763,2017-04-06 05:16:03,0x57f24c0e2aaca9d54a4ab0a83d2ff8dc6473c6ca,0xe825363f3bedabc95b2a9d42dbc73ec7b82b57d3,,0,0,0,0.00103432,1.70291859396434,43.23,,,Execute
0x12b36eb966249327ee360e27fcd29f29e96f57801c875eb0e9a8cf27b0b00e1a,3485461,1491455935,2017-04-06 05:18:55,0x57f24c0e2aaca9d54a4ab0a83d2ff8dc6473c6ca,0xe825363f3bedabc95b2a9d42dbc73ec7b82b57d3,,0,0,0,0.00242684,3.99558256688107,43.23,,,Set Daily Limit
0xd520f7b96b78ed08c4537b55dbf5cd914afb1d8ec85a9ddc4dbbe315f6965549,3485465,1491456072,2017-04-06 05:21:12,0x9a6a1826c513d93093bee431d9d97eacf76384ba,0xe825363f3bedabc95b2a9d42dbc73ec7b82b57d3,,0,0,0,0.00050448,0.830582771563086,43.23,,,Set Daily Limit
0xa74f8c0ec87a9a0d14c1f580c0207ad9e90609f56cfc19d38cbc0a14516ab7fa,3485468,1491456156,2017-04-06 05:22:36,0x57f24c0e2aaca9d54a4ab0a83d2ff8dc6473c6ca,0xe825363f3bedabc95b2a9d42dbc73ec7b82b57d3,,0,0,0,0.0035091,5.77743023250084,43.23,,,Execute
0x1a4db64ba6906632306923fe73becab5f53199a7bbf07042116413e9d5947855,3485474,1491456289,2017-04-06 05:24:49,0x9a6a1826c513d93093bee431d9d97eacf76384ba,0xe825363f3bedabc95b2a9d42dbc73ec7b82b57d3,,0,0,0,0.00075774,1.24755349929475,43.23,,,Confirm
0x24c4e555f596fe18cf0f4c3baa89a064f117062384c2349f1885ced2714b3093,3485481,1491456408,2017-04-06 05:26:48,0x57f24c0e2aaca9d54a4ab0a83d2ff8dc6473c6ca,0xe825363f3bedabc95b2a9d42dbc73ec7b82b57d3,,0,0,0,0.00243324,4.0061196144112,43.23,,,Set Daily Limit
0x8539974f124521eb6a0a21af1e7538fbd90fe5bff8bbbf6415efbe13a8e7fbf7,3485481,1491456408,2017-04-06 05:26:48,0x9a6a1826c513d93093bee431d9d97eacf76384ba,0xe825363f3bedabc95b2a9d42dbc73ec7b82b57d3,,0,0,0,0.00050768,0.835851295328155,43.23,,,Set Daily Limit
0xcdb9f8213a11800f582b2b96354763cbc2c2ed5dca2c22b6be36d3537c1dc142,3567301,1492667610,2017-04-20 05:53:30,0x57f24c0e2aaca9d54a4ab0a83d2ff8dc6473c6ca,0xe825363f3bedabc95b2a9d42dbc73ec7b82b57d3,,0,0,0,0.00104072,1.71345564149448,49.36,,,Execute
0x4aab0c8302ca7d9efe319c7cfad11eb510dcb924821a34867887939e89e5c68c,3567313,1492667813,2017-04-20 05:56:53,0x57f24c0e2aaca9d54a4ab0a83d2ff8dc6473c6ca,0xe825363f3bedabc95b2a9d42dbc73ec7b82b57d3,,0,0,0,0.00351038,5.77953764200687,49.36,,,Execute
0xcd00153de19b462e015062dc0af74fc7cd514ea3231b8fd70a9cd04ec7061599,3567326,1492667968,2017-04-20 05:59:28,0x57f24c0e2aaca9d54a4ab0a83d2ff8dc6473c6ca,0xe825363f3bedabc95b2a9d42dbc73ec7b82b57d3,,0,0,0,0.00351166,5.7816450515129,49.36,,,Execute
0xdfe9f2c5abd0dcefa0dad6a8803094d1852cf687682bcacb3c0128e3421d3db2,3574912,1492780675,2017-04-21 13:17:55,0x9a6a1826c513d93093bee431d9d97eacf76384ba,0xe825363f3bedabc95b2a9d42dbc73ec7b82b57d3,,0,0,0,0.0034115,5.61674025766625,48.27,,,Execute
0x317280bfcfab32f85c68244d82256108c13bd8867b055867256920b7b531de18,3576512,1492803957,2017-04-21 19:45:57,0x9a6a1826c513d93093bee431d9d97eacf76384ba,0xe825363f3bedabc95b2a9d42dbc73ec7b82b57d3,,0,0,0,0.000794955,1.30882478426882,48.27,,,Confirm
0x03d30c121c47e3ed744f62d597b47fd09814d4af9c5702ae15bfe6dadcc9eb36,3576575,1492804865,2017-04-21 20:01:05,0x9a6a1826c513d93093bee431d9d97eacf76384ba,0xe825363f3bedabc95b2a9d42dbc73ec7b82b57d3,,0,0,0,0.00075774,1.24755349929475,48.27,,,Confirm
0x3889f09192519066f6cc45bcd28c2bfdad66364ad2b8f6243973c6444fbb6eb5,3696404,1494624255,2017-05-12 21:24:15,0x57f24c0e2aaca9d54a4ab0a83d2ff8dc6473c6ca,0xe825363f3bedabc95b2a9d42dbc73ec7b82b57d3,,0,0,0,0.00371406,6.1148791796535,85.15,,,Execute
0x76a525bc751f0a013e1048fe3f70eef39289587e3be1ed9035e4296aed217bdc,3696437,1494624684,2017-05-12 21:31:24,0x9a6a1826c513d93093bee431d9d97eacf76384ba,0xe825363f3bedabc95b2a9d42dbc73ec7b82b57d3,,0,0,0,0.00092996,1.53109886267604,85.15,,,Confirm
0xaf868ba642de98db6f837bfb799142e4088ea7c7fe99935904fd6206257fed13,3728173,1495128082,2017-05-18 17:21:22,0x57f24c0e2aaca9d54a4ab0a83d2ff8dc6473c6ca,0xe825363f3bedabc95b2a9d42dbc73ec7b82b57d3,,0,0,0,0.003899763,6.42062313863617,95.88,,,Execute
0xf5661e38a30fb574ce7990e9a6f52fa2f5862ac256d632e418f01fc01b9b6353,3728201,1495128539,2017-05-18 17:28:59,0x9a6a1826c513d93093bee431d9d97eacf76384ba,0xe825363f3bedabc95b2a9d42dbc73ec7b82b57d3,,0,0,0,0.001058127,1.74211476436278,95.88,,,Confirm
0x7a14e61698b126750aefa428f739038269f84ee070446e76182ed1b657f86048,3735282,1495241037,2017-05-20 00:43:57,0x57f24c0e2aaca9d54a4ab0a83d2ff8dc6473c6ca,0xe825363f3bedabc95b2a9d42dbc73ec7b82b57d3,,0,0,0,0.003899763,6.42062313863617,123.06,,,Execute
0xc5d8250f46abeaecbbe8cab73364caa350ac3be1a1741a2b576b7af2d4f99a78,3735313,1495241396,2017-05-20 00:49:56,0x9a6a1826c513d93093bee431d9d97eacf76384ba,0xe825363f3bedabc95b2a9d42dbc73ec7b82b57d3,,0,0,0,0.000976458,1.60765380580984,123.06,,,Confirm
0x7392e9df9bd1c47d614068afd595ba79e667e0e9b5e9e36bff02ba43e20133a6,3754343,1495543023,2017-05-23 12:37:03,0x57f24c0e2aaca9d54a4ab0a83d2ff8dc6473c6ca,0xe825363f3bedabc95b2a9d42dbc73ec7b82b57d3,,0,0,0,0.003899763,6.42062313863617,169.50,,,Execute
0xb3b8f87c623674289c433675aac52fd91eff71a13e343e1d2eb1513bf9972e63,3754370,1495543421,2017-05-23 12:43:41,0x9a6a1826c513d93093bee431d9d97eacf76384ba,0xe825363f3bedabc95b2a9d42dbc73ec7b82b57d3,,0,0,0,0.000976458,1.60765380580984,169.50,,,Confirm
0x359c86bd831e31164f2376090fbeedc96d461074d93627d2fad37ba6aeb2758d,3760436,1495639559,2017-05-24 15:25:59,0x57f24c0e2aaca9d54a4ab0a83d2ff8dc6473c6ca,0xe825363f3bedabc95b2a9d42dbc73ec7b82b57d3,,0,0,0,0.003899763,6.42062313863617,193.03,,,Execute
0xda2a3738e40a6247485b20202ff8148946de92367a692a6fedc07e6377406a94,3760471,1495639976,2017-05-24 15:32:56,0x9a6a1826c513d93093bee431d9d97eacf76384ba,0xe825363f3bedabc95b2a9d42dbc73ec7b82b57d3,,0,0,0,0.000976458,1.60765380580984,193.03,,,Confirm
0x7018aebcf572f4d46a2f010608f42f2f38f08d540b99531011693d45f496e126,3765399,1495718458,2017-05-25 13:20:58,0x57f24c0e2aaca9d54a4ab0a83d2ff8dc6473c6ca,0xe825363f3bedabc95b2a9d42dbc73ec7b82b57d3,,0,0,0,0.003899763,6.42062313863617,177.33,,,Execute
0x048bc4819d137513af4e424b1b86bfdb88c0f7c99e186c94ba4ef392a8970319,3765428,1495718924,2017-05-25 13:28:44,0x9a6a1826c513d93093bee431d9d97eacf76384ba,0xe825363f3bedabc95b2a9d42dbc73ec7b82b57d3,,0,0,0,0.000795627,1.30993117425948,177.33,,,Confirm
0xb033abf106679076767136a5b770f2595146b2cf518580e4bf6b0e05f852f8e2,3772476,1495830190,2017-05-26 20:23:10,0x57f24c0e2aaca9d54a4ab0a83d2ff8dc6473c6ca,0xe825363f3bedabc95b2a9d42dbc73ec7b82b57d3,,0,0,0,0.003899763,6.42062313863617,162.83,,,Execute
0x8f9e661bb08d5629deed1f2dc1dabfe6b48ba85c1db41e2d25a3aa8db21bf3a6,3772488,1495830391,2017-05-26 20:26:31,0x9a6a1826c513d93093bee431d9d97eacf76384ba,0xe825363f3bedabc95b2a9d42dbc73ec7b82b57d3,,0,0,0,0.000990003,1.62995447905917,162.83,,,Confirm
0xf97ba719699c0f95147c7deb67003cf86725cae3f8fadc3f775c40f98a085fec,3788646,1496085060,2017-05-29 19:11:00,0x57f24c0e2aaca9d54a4ab0a83d2ff8dc6473c6ca,0xe825363f3bedabc95b2a9d42dbc73ec7b82b57d3,,0,0,0,0.003899763,6.42062313863617,194.17,,,Execute
0x07c402ffad9b4587187fc6dc2fd08ad47f014a1b832672566bbbd91d4531852c,3788657,1496085335,2017-05-29 19:15:35,0x9a6a1826c513d93093bee431d9d97eacf76384ba,0xe825363f3bedabc95b2a9d42dbc73ec7b82b57d3,,0,0,0,0.000990003,1.62995447905917,194.17,,,Confirm
0x8d0d44465613a819bb9bb416e28276adb5675ae4495e5b2aae9f42f110d368f6,3795951,1496198571,2017-05-31 02:42:51,0x57f24c0e2aaca9d54a4ab0a83d2ff8dc6473c6ca,0xe825363f3bedabc95b2a9d42dbc73ec7b82b57d3,,0,0,0,0.000521514,0.858627782130018,228.64,Error(0),Out of gas,Execute
0xa71385a8ca9c83304416f3d80a1a58f7b76939abe26236577f6278a20b746ef8,3795958,1496198686,2017-05-31 02:44:46,0x57f24c0e2aaca9d54a4ab0a83d2ff8dc6473c6ca,0xe825363f3bedabc95b2a9d42dbc73ec7b82b57d3,,0,0,0,0.003899763,6.42062313863617,228.64,,,Execute
0x710f573cd3adb26715cfd654b87d15fc8815a92d10784bd41ec06f1b7296f268,3795984,1496199150,2017-05-31 02:52:30,0x9a6a1826c513d93093bee431d9d97eacf76384ba,0xe825363f3bedabc95b2a9d42dbc73ec7b82b57d3,,0,0,0,0.000990003,1.62995447905917,228.64,,,Confirm
0x6f3cbcc3d62d8ab49db4874866ab55cf3fb60fe49582c1a96619efda5ce18226,3826115,1496696235,2017-06-05 20:57:15,0x57f24c0e2aaca9d54a4ab0a83d2ff8dc6473c6ca,0xe825363f3bedabc95b2a9d42dbc73ec7b82b57d3,,0,0,0,0.00059448,0.978760002455644,247.75,Error(0),Out of gas,Execute
0x13a14582ff8abfaffd8daaafc32635337c3780144b0cdf219e147b14305a2815,3826123,1496696389,2017-06-05 20:59:49,0x57f24c0e2aaca9d54a4ab0a83d2ff8dc6473c6ca,0xe825363f3bedabc95b2a9d42dbc73ec7b82b57d3,,0,0,0,0.004455336,7.33532612417696,247.75,,,Execute
0xc5351dd9573170b958d11c5fd342cd7e4a3cb912be00ab090e49a856b5e50089,3826143,1496696866,2017-06-05 21:07:46,0x9a6a1826c513d93093bee431d9d97eacf76384ba,0xe825363f3bedabc95b2a9d42dbc73ec7b82b57d3,,0,0,0,0.001131432,1.86280511892477,247.75,,,Confirm
0x6dc194d8f640f57d37e35d5dc20abd5d7da9e61392100efe3fe20a815aaa19b5,3877884,1497548016,2017-06-15 17:33:36,0x57f24c0e2aaca9d54a4ab0a83d2ff8dc6473c6ca,0xe825363f3bedabc95b2a9d42dbc73ec7b82b57d3,,0,0,0,0.003901107,6.4228359186175,344.68,,,Execute
0xe57d573e4e0aabf0de1374af58eb71211eba7e43d7f75df5ff4e01ba5a346269,3877946,1497549236,2017-06-15 17:53:56,0x9a6a1826c513d93093bee431d9d97eacf76384ba,0xe825363f3bedabc95b2a9d42dbc73ec7b82b57d3,,0,0,0,0.000990003,1.62995447905917,344.68,,,Confirm
0x21ad8b3ad216b9704c4a7d481ad46bcddf66e32b164f434d53dc621e921efc1b,4452973,1509298367,2017-10-29 17:32:47,0x57f24c0e2aaca9d54a4ab0a83d2ff8dc6473c6ca,0xe825363f3bedabc95b2a9d42dbc73ec7b82b57d3,,0,0,0,0.003897075,6.41619757867351,304.04,,,Execute
0x03f0455aba7bacfa2bb25f2e9ef707b40345b52015d7716f56a558788f25c681,4564914,1510855896,2017-11-16 18:11:36,0x9a6a1826c513d93093bee431d9d97eacf76384ba,0xe825363f3bedabc95b2a9d42dbc73ec7b82b57d3,,0,0,0,0.001058127,1.74211476436278,330.32,,,Confirm
0x402e74c793d7c5ff560fcbfffb0beb415d28bb4fe22791fb4fca12d71674444e,6688450,1541994081,2018-11-12 03:41:21,0x89c2f73bc7df2fffa3f50cab45add2990d77ba4a,0xe825363f3bedabc95b2a9d42dbc73ec7b82b57d3,,0,0,0,0.00023854,0.392735518412343,210.81,,,Kill
0xa1a86270690afdcd8cd2fec025d72a55f51fb0fb93b3c55763317a53782bdd06,7040295,1547090501,2019-01-10 03:21:41,0xfa88f9b1f60b05419b034345d6b5b601a3c5df3b,0xe825363f3bedabc95b2a9d42dbc73ec7b82b57d3,,0,0,0,0.000969896,1.5968500392641,127.96,,,Add Owner
0x17e639bd631e0f6f670078651227eded38859603ec3e85d51d1991cf5e046713,7040303,1547090711,2019-01-10 03:25:11,0xfa88f9b1f60b05419b034345d6b5b601a3c5df3b,0xe825363f3bedabc95b2a9d42dbc73ec7b82b57d3,,0,0,0,0.001002409,1.65037988713087,127.96,,,Execute
0x13776eab3d838fde6d8b3d3ff3522344fba69cb806be7f008edb3d6d224acdad,7316291,1551882536,2019-03-06 14:28:56,0xcbf1586adf92ebe9ef75035397c87f0dd3cac949,0xe825363f3bedabc95b2a9d42dbc73ec7b82b57d3,,0,0,0,0.000070968,0.116842685799812,138.49,,,Add Owner
0x8544731f7573eb5e04c47d542180af1dfe85777542ed48ed582bb3150e9dd34b,7578719,1555415409,2019-04-16 11:50:09,0xef672aabf9f314de581d9cee2389f797752901f7,0xe825363f3bedabc95b2a9d42dbc73ec7b82b57d3,,0,0,0,0.000047312,0.0778951238665413,166.90,,,Add Owner
0x18d2fa98402d6836f5bd2639243f551a55727bc4d3479a9ad3bf79e8e0c4cdb1,7578888,1555417401,2019-04-16 12:23:21,0xef672aabf9f314de581d9cee2389f797752901f7,0xe825363f3bedabc95b2a9d42dbc73ec7b82b57d3,,0,0,0,0.000050634,0.0833645101001532,166.90,,,Change Owner
0x8ca3fcbb4019d213595ea5d26fd66cb79fa1e8fefa4e911b97b35231c819f238,7578946,1555418017,2019-04-16 12:33:37,0xef672aabf9f314de581d9cee2389f797752901f7,0xe825363f3bedabc95b2a9d42dbc73ec7b82b57d3,,0,0,0,0.0000698864,0.115061924767219,166.90,,,Confirm
0xe9ca8de434788369444af783e6f114db3f1e71706a0ee62bdff0ead54587837b,7579004,1555418671,2019-04-16 12:44:31,0xed62002bb7697c12d1f7fb6c7d98dd2fd995b618,0xe825363f3bedabc95b2a9d42dbc73ec7b82b57d3,,0,0,0,0.000050506,0.0831537691495505,166.90,,,Change Owner
0x3ae825b77f59489ba0300901a499871ec78a23789df95df0ac491f9d5eeb5625,7579010,1555418750,2019-04-16 12:45:50,0xed62002bb7697c12d1f7fb6c7d98dd2fd995b618,0xe825363f3bedabc95b2a9d42dbc73ec7b82b57d3,,0,0,0,0.000050506,0.0831537691495505,166.90,,,Change Owner
0x789c3471d95f040d53549309857fc78fd206d1b6fae3d96799dd236e4c84db3a,7579014,1555418795,2019-04-16 12:46:35,0xed62002bb7697c12d1f7fb6c7d98dd2fd995b618,0xe825363f3bedabc95b2a9d42dbc73ec7b82b57d3,,0,0,0,0.000045088,0.0742334998498185,166.90,,,Confirm
0x5795a05be28f1bd9d5b5653bc1be8c430633de3031b57a6d5b0adebe1303287c,7579035,1555418976,2019-04-16 12:49:36,0xed62002bb7697c12d1f7fb6c7d98dd2fd995b618,0xe825363f3bedabc95b2a9d42dbc73ec7b82b57d3,,0,0,0,0.000049282,0.0811385588094117,166.90,,,Execute
0xf6032c0d4a9e5e047a5618fcfea50d432aa97cf2af655591b5ed5984cc59f6f0,7579050,1555419225,2019-04-16 12:53:45,0xed62002bb7697c12d1f7fb6c7d98dd2fd995b618,0xe825363f3bedabc95b2a9d42dbc73ec7b82b57d3,,0,0,0,0.000070776,0.116526574373908,166.90,,,Add Owner
0xb5a013b7f14f5616bb5eb153d5f81bb7e773748ae08f4a09dcfbfd5ac4d29e26,7579119,1555420242,2019-04-16 13:10:42,0xed62002bb7697c12d1f7fb6c7d98dd2fd995b618,0xe825363f3bedabc95b2a9d42dbc73ec7b82b57d3,,0,0,0,0.000049154,0.080927817858809,166.90,,,Execute
0xb8c331a2245682d6032451eb0f69bcf5a1e18956fe3244901cf2982aa471e1a9,7579129,1555420397,2019-04-16 13:13:17,0xed62002bb7697c12d1f7fb6c7d98dd2fd995b618,0xe825363f3bedabc95b2a9d42dbc73ec7b82b57d3,,0,0,0,0.000049922,0.0821922635624255,166.90,,,Execute
0xe06ca41a56f0f2a780bde4f82dd492fd3a37cca98dd041bf801e27d7d29e26e5,7579143,1555420642,2019-04-16 13:17:22,0xed62002bb7697c12d1f7fb6c7d98dd2fd995b618,0xe825363f3bedabc95b2a9d42dbc73ec7b82b57d3,,0,0,0,0.000049922,0.0821922635624255,166.90,,,Execute
0x802717441dd1fe41fed270ca955e6664556e727e1a8fddc81bd88aac561006ee,7579143,1555420642,2019-04-16 13:17:22,0xed62002bb7697c12d1f7fb6c7d98dd2fd995b618,0xe825363f3bedabc95b2a9d42dbc73ec7b82b57d3,,0,0,0,0.000049922,0.0821922635624255,166.90,,,Execute
0x6fd3c3663e6b1de75145e81a4951b72a789a21db70d9c89faf098c7e9788f0a4,7623891,1556023600,2019-04-23 12:46:40,0x94e81836c17c14e5381e7daaaaf1938898e510e5,0xe825363f3bedabc95b2a9d42dbc73ec7b82b57d3,,0,0,0,0.000094624,0.155790247733083,170.66,,,Add Owner
0xc5229135e4bada1547d5ec63cd19ea18e56f9f605d7061b1ec56c39b9c7b9850,7623900,1556023723,2019-04-23 12:48:43,0x94e81836c17c14e5381e7daaaaf1938898e510e5,0xe825363f3bedabc95b2a9d42dbc73ec7b82b57d3,,0,0,0,0.000107524,0.177028984161016,170.66,,,Execute
0xfefe32a11691ef87e5f3669e4637ea3431275eef6e899157566e866091fab5ab,7623919,1556023991,2019-04-23 12:53:11,0x94e81836c17c14e5381e7daaaaf1938898e510e5,0xe825363f3bedabc95b2a9d42dbc73ec7b82b57d3,,0,0,0,0.000095416,0.157094207364937,170.66,,,Kill
0x52e61ac4ed9c30d0bf3a1b819a7f1773314cdb28e4fa7a8ef964617c8c72fbec,8034686,1561566723,2019-06-26 16:32:03,0x57f24c0e2aaca9d54a4ab0a83d2ff8dc6473c6ca,0xe825363f3bedabc95b2a9d42dbc73ec7b82b57d3,,0,0,0,0.00377634,6.21741782343115,333.76,,,Execute
0x528be518313d9fae8256f6a153a20963d46185e2fd01fcb889409c2fdcfb91bb,8034705,1561566945,2019-06-26 16:35:45,0x57f24c0e2aaca9d54a4ab0a83d2ff8dc6473c6ca,0xe825363f3bedabc95b2a9d42dbc73ec7b82b57d3,,0,0,0,0.00133176,2.19262787792748,333.76,,,Execute
0x653d27646b6bb495084aecf12357d7bda9cea68339c723d7f8843059f51080e3,8034725,1561567229,2019-06-26 16:40:29,0x57f24c0e2aaca9d54a4ab0a83d2ff8dc6473c6ca,0xe825363f3bedabc95b2a9d42dbc73ec7b82b57d3,,0,0,0,0.00083704,1.37811410384785,333.76,,,Execute
0x23655a512b3e992f7fa9e640239dbcf22a90d913237058e11293004668165566,8034729,1561567305,2019-06-26 16:41:45,0x57f24c0e2aaca9d54a4ab0a83d2ff8dc6473c6ca,0xe825363f3bedabc95b2a9d42dbc73ec7b82b57d3,,0,0,0,0.00350758,5.77492768371244,333.76,,,Execute
0xd9d05862fe4e15cae7edd358f9566b275707bc6e13c6a45e80586db97f42c8d9,8093916,1562365544,2019-07-05 22:25:44,0x9a6a1826c513d93093bee431d9d97eacf76384ba,0xe825363f3bedabc95b2a9d42dbc73ec7b82b57d3,,0,0,0,0.001553367,2.55748467355423,287.90,,,Confirm
0x42cf8792058aec8162e6e2160d7b2d92665ffa5ed809a8c903bc71b6f8290bf6,8119629,1562709993,2019-07-09 22:06:33,0x57f24c0e2aaca9d54a4ab0a83d2ff8dc6473c6ca,0xe825363f3bedabc95b2a9d42dbc73ec7b82b57d3,,0,0,0,0.00340998,5.61423770887784,307.89,,,Execute
0xed722f1e63482469fa5d79a98a5b61bcd565d0972aa525e95aab1562a669e0d9,8344476,1565730069,2019-08-13 21:01:09,0x9a6a1826c513d93093bee431d9d97eacf76384ba,0xe825363f3bedabc95b2a9d42dbc73ec7b82b57d3,,0,0,0,0.001553367,2.55748467355423,208.62,,,Confirm
0x0e9ce01e9000c15d058c8661764cf2db81701693a24e3d7db665fbbe260dfcb9,8924690,1573623092,2019-11-13 05:31:32,0x57f24c0e2aaca9d54a4ab0a83d2ff8dc6473c6ca,0xe825363f3bedabc95b2a9d42dbc73ec7b82b57d3,,0,0,0,0.00370998,6.10816181185303,188.10,,,Execute
0x29c3a0dcb8fb0b09cb122baa12f4da03e1018c67d99710542f7e32dd36524927,9553934,1582651497,2020-02-25 17:24:57,0x9a6a1826c513d93093bee431d9d97eacf76384ba,0xe825363f3bedabc95b2a9d42dbc73ec7b82b57d3,,0,0,0,0.0009306,1.53215256742905,246.84,Error(0),Out of gas,Execute
0xf72938e65d803f2dc0b5d6e3e1a37f66a5c376cac76054d36a7c2232d2291a8a,9553962,1582651782,2020-02-25 17:29:42,0x9a6a1826c513d93093bee431d9d97eacf76384ba,0xe825363f3bedabc95b2a9d42dbc73ec7b82b57d3,,0,0,0,0.0016937202,2.78856410158655,246.84,,,Execute
0x256c1755eb374f898d0e1c5dfb9dde5d741f48a5ef0a0963d9bbad530a4387f4,9586170,1583078411,2020-03-01 16:00:11,0x57f24c0e2aaca9d54a4ab0a83d2ff8dc6473c6ca,0xe825363f3bedabc95b2a9d42dbc73ec7b82b57d3,,0,0,0,0.00079302,1.30563897380463,218.02,,,Confirm
0x8c810b7240040bdfa8c784f39b56829eaffebca59966ff159cf52669cc13c570,11090940,1603169292,2020-10-20 04:48:12,0x0a7b571f9c36509dd4a4861af6691b1843fbdf09,0xe825363f3bedabc95b2a9d42dbc73ec7b82b57d3,,0,0,0,0.00092824,1.52826703115231,368.83,,,Kill
0x771f58760f2add9d85f2a4474bd2f2609f1bc47b764bab2da92ddba4b6afaf1d,11090961,1603169565,2020-10-20 04:52:45,0x0a7b571f9c36509dd4a4861af6691b1843fbdf09,0xe825363f3bedabc95b2a9d42dbc73ec7b82b57d3,,0,0,0,0.00094516,1.55612435056011,368.83,,,Change Owner
0x760bc716963b0cbdd1afd02008edd3bdef0a357c33d0192f4c300ad9eadc1312,11090967,1603169639,2020-10-20 04:53:59,0x0a7b571f9c36509dd4a4861af6691b1843fbdf09,0xe825363f3bedabc95b2a9d42dbc73ec7b82b57d3,,0,0,0,0.0009092,1.49691931475015,368.83,,,Is Owner
0xc186b44a08debf876c3d6604820178b19f7eedbeaa9849f5eed3bb01df0e6b38,11090988,1603169895,2020-10-20 04:58:15,0x0a7b571f9c36509dd4a4861af6691b1843fbdf09,0xe825363f3bedabc95b2a9d42dbc73ec7b82b57d3,,0,0,0,0.00092824,1.52826703115231,368.83,,,Kill
0xd50b34395e6692e0efc7e87586d6d3496a7f4e530dfd6b694d2b4ae098aaa057,11106090,1603371172,2020-10-22 12:52:52,0x9e0898aa9993fdd04c45a60d5e300009f00eb195,0xe825363f3bedabc95b2a9d42dbc73ec7b82b57d3,,0,0,0,0.00189128,3.11382925824975,414.50,,,Execute
0x8d7c5a2ee6ed11cf8b875914e65e6442286a148061aa0ce1d4c3368dda46539f,11787431,1612410629,2021-02-04 03:50:29,0x57f24c0e2aaca9d54a4ab0a83d2ff8dc6473c6ca,0xe825363f3bedabc95b2a9d42dbc73ec7b82b57d3,,0,0,0,0.013126908,21.6123208624597,1597.44,,,Execute
0xf7da31868a5a430fef766bc4771bce49d77c270420f0724eba4d94f2dbf4a895,11787455,1612410996,2021-02-04 03:56:36,0x57f24c0e2aaca9d54a4ab0a83d2ff8dc6473c6ca,0xe825363f3bedabc95b2a9d42dbc73ec7b82b57d3,,0,0,0,0.036431835,59.9818714070509,1597.44,,,Execute
0x8f80fb3ccb6a2bc0a59dee3f1172dd94da8e69e491bd7fa996dba45c1cfc6393,11870179,1613509675,2021-02-16 21:07:55,0x57f24c0e2aaca9d54a4ab0a83d2ff8dc6473c6ca,0xe825363f3bedabc95b2a9d42dbc73ec7b82b57d3,,0,0,0,0.00645512,10.6277978519908,1782.83,,,Execute
0x569ae90e8b22ceacd2e5c269f46dc61b58d3c7e59a6fc56fcf98ab5da1e67e09,12050127,1615904151,2021-03-16 14:15:51,0x57f24c0e2aaca9d54a4ab0a83d2ff8dc6473c6ca,0xe825363f3bedabc95b2a9d42dbc73ec7b82b57d3,,0,0,0,0.00714674,11.7664904789898,1805.64,,,Execute
0x9cf033d09caae501a59b514ba5e239c6c33443417b73e357261d4774ec8db90e,12070012,1616167381,2021-03-19 15:23:01,0x13adf7762bbc0a2f23bedcdac4b5a1f65307c502,0xe825363f3bedabc95b2a9d42dbc73ec7b82b57d3,,0,0,0,0.0106,17.4519849717902,1809.76,Error(0),Out of gas,Confirm
0xa7e1c1d8859ede5104e0614da680ec350efa361ee9a4d4e0941bd03ddc28f0bd,12070029,1616167539,2021-03-19 15:25:39,0x13adf7762bbc0a2f23bedcdac4b5a1f65307c502,0xe825363f3bedabc95b2a9d42dbc73ec7b82b57d3,,0,0,0,0.00713718,11.7507507642417,1809.76,,,Confirm
0x61d0089520e93bf4df5477213c5c2d9ea124d4f6c4ccb8e4c614b31eb5c338b3,12246845,1618518339,2021-04-15 20:25:39,0x57f24c0e2aaca9d54a4ab0a83d2ff8dc6473c6ca,0xe825363f3bedabc95b2a9d42dbc73ec7b82b57d3,,0,0,0,0.015650453,25.7671198639348,2517.08,,,Execute
0x89e040e98104f2a433963c25d10cf3112d8b36955f387ebdfab52c0ca625efa3,12269802,1618825936,2021-04-19 09:52:16,0xb9ba5bed1f9b2d89f9ee54fd0c5f4d5972851cce,0xe825363f3bedabc95b2a9d42dbc73ec7b82b57d3,,0,0,0,0.0036759,6.05205203375505,2163.36,,,Kill
0x25f123c6b2fecbe53506045b18d791b6cf7bb619fec936645849dcc8f201f7a8,12318143,1619469080,2021-04-26 20:31:20,0x13adf7762bbc0a2f23bedcdac4b5a1f65307c502,0xe825363f3bedabc95b2a9d42dbc73ec7b82b57d3,,0,0,0,0.002019654,3.32518596756754,2534.90,,,Confirm
0x88a9b3960bfce936457888bc731d88a4cf4881dfd25c5b22222a8ad0b9c353f3,12953205,1628005957,2021-08-03 15:52:37,0x57f24c0e2aaca9d54a4ab0a83d2ff8dc6473c6ca,0xe825363f3bedabc95b2a9d42dbc73ec7b82b57d3,,0,0,0,0.009576892,15.7675259679677,2508.21,,,Execute
0x226ee30b729f700faa26cc7302fb09c6cae9533d3d81c924b16bec74e5371e17,13044658,1629228903,2021-08-17 19:35:03,0x13adf7762bbc0a2f23bedcdac4b5a1f65307c502,0xe825363f3bedabc95b2a9d42dbc73ec7b82b57d3,,0,0,0,0.002034594,3.34978338789571,3011.96,,,Confirm
0x8c5c30df6807ae1c61b94d376968643451c744cd19ddacd3ae808662c998a103,13044658,1629228903,2021-08-17 19:35:03,0x13adf7762bbc0a2f23bedcdac4b5a1f65307c502,0xe825363f3bedabc95b2a9d42dbc73ec7b82b57d3,,0,0,0,0.003382192,5.56848716563292,3011.96,Error(0),Out of gas,Confirm
0x976c03e67e13c0ca7c0ec56822f8b65a0070a86dedad8f1e7acb905072e5b0a1,14787583,1652721952,2022-05-16 17:25:52,0x57f24c0e2aaca9d54a4ab0a83d2ff8dc6473c6ca,0xe825363f3bedabc95b2a9d42dbc73ec7b82b57d3,,0,0,0,0.001652547591868180,2.72077695645769,2020.12,,,Execute
0xb873a1159027b2959ddf77d796d90991cccb2f7555b28f4ccff5668cfdc805e5,16179862,1670983823,2022-12-14 02:10:23,0x57f24c0e2aaca9d54a4ab0a83d2ff8dc6473c6ca,0xe825363f3bedabc95b2a9d42dbc73ec7b82b57d3,,0,0,0,0.000791362556036892,1.3029101353956,1307.50,,,Execute
0x2324a8b07df65c87b538f6fe0905514201e6120081ce010281d6648d36cddf4b,16355141,1673097359,2023-01-07 13:15:59,0x6cccaa624e19c41f53b12f48fc3aee659cd33da8,0xe825363f3bedabc95b2a9d42dbc73ec7b82b57d3,,0,0,0,0.000342340155870688,0.563633514669392,1263.86,,,Add Owner
0xb8e7f750f9e20f807a237c7fdfeb71b4a89986e0118d8bebd91583b7c89fcefe,16355141,1673097359,2023-01-07 13:15:59,0x6cccaa624e19c41f53b12f48fc3aee659cd33da8,0xe825363f3bedabc95b2a9d42dbc73ec7b82b57d3,,0,0,0,0.000351085969462744,0.578032741780207,1263.86,,,Change Owner
0xcf4db50d5a2c9b07233018c0f461922013cd9b794e846e657112b4a34eac6c2a,17714224,1689611963,2023-07-17 16:39:23,0xedb5268c6029cf408e9b65899aaca0dca0463d95,0xe825363f3bedabc95b2a9d42dbc73ec7b82b57d3,,0,0,0,0.0007992129205395,1.31583508287886,1911.51,,,Is Owner
0x22d59083bad9abc4d4eeaf23e5d6eeb75acc623adf81c332baef26b2ae5f46cf,17714233,1689612071,2023-07-17 16:41:11,0xedb5268c6029cf408e9b65899aaca0dca0463d95,0xe825363f3bedabc95b2a9d42dbc73ec7b82b57d3,,0,0,0,0.000874414321339599,1.43964769765442,1911.51,,,Change Owner
0x23fb7630c5e1de55baf77e0b48448766801f00706ffd0372592dad49925c8da4,17714238,1689612131,2023-07-17 16:42:11,0xedb5268c6029cf408e9b65899aaca0dca0463d95,0xe825363f3bedabc95b2a9d42dbc73ec7b82b57d3,,0,0,0,0.000835031547350036,1.37480735993618,1911.51,,,Kill
